code,amount
INR,0.01275127324332371
DKK,0.13394530263199841
AUD,0.6145155957913057
CAD,0.6846285821478989
USD,0.9078554004232422